{
  "recommended_tasks": 375,
  "senior_recommendation_share": 0.9066666666666666,
  "junior_recommendation_share": 0.0,
  "top_employee_concentration": 0.4826666666666667,
  "average_recommended_workload": 0.4831226666666667
}